"","prefix","Replicate","Generation","mean.fitness","mean.prop.SL","Schedule","mean.learning.rate","mean.learning.rate.SL","mean.learning.episodes","mean.best.fitness","environmental.mean.location","sch_num_n1","sch_num_0","sch_num_1","perfrom","folder","seed","init_w_range","init_lr_range","init_le_mean","init_prop_sl","mut_rate_w","mut_step_w","lr_homogenous","mut_rate_lr","mut_step_lr","le_homogenous","mut_rate_le","mut_step_le","mut_rate_sl","mut_step_sl","N","G","lifespan","extrapolate_from","nr_replicates","env_sample_size","env_range","init_mean_env","sd_env","env_change","env_change_sd","env_change_type","env_change_rate","SL_type","IL_type","cue_type","sl_homogenous","one_social_parent","success_bias","sl_speed","mut_rate_schedule","differential_learning_rates","schedule_init","file_rep","Rate_Mag","Rate_Mag_simple","colSpaces","row","xLabs","Change","Rate","SD","IL","SL","f","M","scheduleMode","Performance"
"1","1_sd_env_0.25_env_change_0.25_env_change_rate_10_IL_type_Guided_",0,"G-2000",346.012997401144,0.713821509143978,0.00553773113443278,3.99962087664218,0.351280394160655,0.333414792603698,451.111484008496,-0.116418392635004,369.885057471264,254.692153923038,375.422788605697,0.767124419729203,"D:/Groningen_Research/MS_Data/LongRuns_oneEnv_feb21_2024",208605,1,1,20,0.5,0.01,0.1,"false",0.01,0.1,"true",0.01,1,0.01,0.1,1000,2e+05,500,30,1,10,1,0,0.25,0.25,0.05,"random",10,"ChooseParentLearnParent","Guided","Random","true","false","true",10,0.01,"true",0,"1_0","Change: 0.25 (10)","0.25 (10)","Change: 10z","Env SD: 0.25","PB",0.25,10,0.25,"PB","True Imitiation",0.1,0.25,"1",0.767023251827983
"2","10_sd_env_0.25_env_change_0.25_env_change_rate_10_IL_type_Guided_",0,"G-2000",343.672950198106,0.186862421362844,0.00216691654172914,0.062965616615093,1.35879347233533,0.960782608695652,450.746936846177,-0.0308139083041764,406.403298350825,185.026486756622,408.570214892554,0.762502864502855,"D:/Groningen_Research/MS_Data/LongRuns_oneEnv_feb21_2024",52885,1,1,20,0.5,0.01,0.1,"false",0.01,0.1,"true",0.01,1,0.01,0.1,1000,2e+05,500,30,1,10,1,0,0.25,0.25,0.05,"random",10,"ChooseParentLearnParent","Guided","Random","true","false","true",10,0.01,"true",0,"10_0","Change: 0.25 (10)","0.25 (10)","Change: 10z","Env SD: 0.25","PB",0.25,10,0.25,"PB","True Imitiation",0.1,0.25,"1",0.762452103618818
"3","11_sd_env_0.25_env_change_0.25_env_change_rate_10_IL_type_Guided_",0,"G-2000",405.472160667366,0.00209731853215062,0.0559250374812594,0.50094667533988,3.38952215815242,17.6477611194403,435.543933405997,-0.0336608779706647,312.805597201399,318.463768115942,368.730634682659,0.930951127110278,"D:/Groningen_Research/MS_Data/LongRuns_oneEnv_feb21_2024",612836,1,1,20,0.5,0.01,0.1,"false",0.01,0.1,"true",0.01,1,0.01,0.1,1000,2e+05,500,30,1,10,1,0,0.25,0.25,0.05,"random",10,"ChooseParentLearnParent","Guided","Random","true","false","true",10,0.01,"true",0,"11_0","Change: 0.25 (10)","0.25 (10)","Change: 10z","Env SD: 0.25","PB",0.25,10,0.25,"PB","True Imitiation",0.1,0.25,"1",0.93095582228992
"4","12_sd_env_0.25_env_change_0.25_env_change_rate_10_IL_type_Guided_",0,"G-2000",399.321089752424,0.220515423773613,-0.901983008495752,0.675302517343578,0.319610136654723,20.4684052973513,433.133590947027,0.0709061205842079,927.609695152424,46.7636181909045,25.6266866566717,0.921913064094335,"D:/Groningen_Research/MS_Data/LongRuns_oneEnv_feb21_2024",251055,1,1,20,0.5,0.01,0.1,"false",0.01,0.1,"true",0.01,1,0.01,0.1,1000,2e+05,500,30,1,10,1,0,0.25,0.25,0.05,"random",10,"ChooseParentLearnParent","Guided","Random","true","false","true",10,0.01,"true",0,"12_0","Change: 0.25 (10)","0.25 (10)","Change: 10z","Env SD: 0.25","PB",0.25,10,0.25,"PB","True Imitiation",0.1,0.25,"-1",0.921935167575728
"5","13_sd_env_0.25_env_change_0.25_env_change_rate_10_IL_type_Guided_",0,"G-2000",411.367420412794,0.00297824626588611,-0.0521934032983508,0.677451319509945,4.16939434388706,15.695836081959,437.728064854123,0.117298587871534,360.688655672164,330.816091954023,308.495252373813,0.939723821176501,"D:/Groningen_Research/MS_Data/LongRuns_oneEnv_feb21_2024",976522,1,1,20,0.5,0.01,0.1,"false",0.01,0.1,"true",0.01,1,0.01,0.1,1000,2e+05,500,30,1,10,1,0,0.25,0.25,0.05,"random",10,"ChooseParentLearnParent","Guided","Random","true","false","true",10,0.01,"true",0,"13_0","Change: 0.25 (10)","0.25 (10)","Change: 10z","Env SD: 0.25","PB",0.25,10,0.25,"PB","True Imitiation",0.1,0.25,"-1",0.939778491356011
"6","14_sd_env_0.25_env_change_0.25_env_change_rate_10_IL_type_Guided_",0,"G-2000",402.352550811994,0.255807501118441,-0.894945527236382,0.894293274338681,0.22930339211914,19.5665372313843,433.588646803698,0.0188807392980165,924.316341829085,46.3128435782109,29.3708145927036,0.92784518327218,"D:/Groningen_Research/MS_Data/LongRuns_oneEnv_feb21_2024",408157,1,1,20,0.5,0.01,0.1,"false",0.01,0.1,"true",0.01,1,0.01,0.1,1000,2e+05,500,30,1,10,1,0,0.25,0.25,0.05,"random",10,"ChooseParentLearnParent","Guided","Random","true","false","true",10,0.01,"true",0,"14_0","Change: 0.25 (10)","0.25 (10)","Change: 10z","Env SD: 0.25","PB",0.25,10,0.25,"PB","True Imitiation",0.1,0.25,"-1",0.927959146942688
"7","15_sd_env_0.25_env_change_0.25_env_change_rate_10_IL_type_Guided_",0,"G-2000",339.171361977401,0.289372364708696,-0.0438045977011494,2.43463865355222,2.46891338336532,0.702992003998001,450.988228452174,0.0415096767890055,420.414792603698,202.975012493753,376.610194902549,0.752108784586273,"D:/Groningen_Research/MS_Data/LongRuns_oneEnv_feb21_2024",224047,1,1,20,0.5,0.01,0.1,"false",0.01,0.1,"true",0.01,1,0.01,0.1,1000,2e+05,500,30,1,10,1,0,0.25,0.25,0.05,"random",10,"ChooseParentLearnParent","Guided","Random","true","false","true",10,0.01,"true",0,"15_0","Change: 0.25 (10)","0.25 (10)","Change: 10z","Env SD: 0.25","PB",0.25,10,0.25,"PB","True Imitiation",0.1,0.25,"-1",0.752062560793356
"8","16_sd_env_0.25_env_change_0.25_env_change_rate_10_IL_type_Guided_",0,"G-2000",401.616034570165,0.259375431590005,-0.88848075962019,0.981097193833833,0.359228039644878,24.0280019990005,429.849474355072,0.125188549194163,914.838580709645,58.8035982008996,26.3578210894553,0.934308188825705,"D:/Groningen_Research/MS_Data/LongRuns_oneEnv_feb21_2024",24427,1,1,20,0.5,0.01,0.1,"false",0.01,0.1,"true",0.01,1,0.01,0.1,1000,2e+05,500,30,1,10,1,0,0.25,0.25,0.05,"random",10,"ChooseParentLearnParent","Guided","Random","true","false","true",10,0.01,"true",0,"16_0","Change: 0.25 (10)","0.25 (10)","Change: 10z","Env SD: 0.25","PB",0.25,10,0.25,"PB","True Imitiation",0.1,0.25,"-1",0.93431784503804
"9","17_sd_env_0.25_env_change_0.25_env_change_rate_10_IL_type_Guided_",0,"G-2000",339.360399176762,0.536748242208096,0.0407076461769115,0.203322080184683,0.802676098087856,0.218206396801599,451.372330807596,0.18420922165075,331.240379810095,296.811594202899,371.948025987006,0.75180451795953,"D:/Groningen_Research/MS_Data/LongRuns_oneEnv_feb21_2024",72591,1,1,20,0.5,0.01,0.1,"false",0.01,0.1,"true",0.01,1,0.01,0.1,1000,2e+05,500,30,1,10,1,0,0.25,0.25,0.05,"random",10,"ChooseParentLearnParent","Guided","Random","true","false","true",10,0.01,"true",0,"17_0","Change: 0.25 (10)","0.25 (10)","Change: 10z","Env SD: 0.25","PB",0.25,10,0.25,"PB","True Imitiation",0.1,0.25,"1",0.751841386842605
"10","18_sd_env_0.25_env_change_0.25_env_change_rate_10_IL_type_Guided_",0,"G-2000",410.969693684058,0.00172436589249125,0.0220019990004998,0.657338677069615,5.32120457128786,20.9667021489255,432.259666190205,0.00952333560890555,324.552223888056,328.893553223388,346.554222888556,0.950750526403503,"D:/Groningen_Research/MS_Data/LongRuns_oneEnv_feb21_2024",785346,1,1,20,0.5,0.01,0.1,"false",0.01,0.1,"true",0.01,1,0.01,0.1,1000,2e+05,500,30,1,10,1,0,0.25,0.25,0.05,"random",10,"ChooseParentLearnParent","Guided","Random","true","false","true",10,0.01,"true",0,"18_0","Change: 0.25 (10)","0.25 (10)","Change: 10z","Env SD: 0.25","PB",0.25,10,0.25,"PB","True Imitiation",0.1,0.25,"1",0.95074726102995
"11","19_sd_env_0.25_env_change_0.25_env_change_rate_10_IL_type_Guided_",0,"G-2000",397.44279124013,0.264498659261419,-0.909110944527736,1.00682356304333,0.405035047625837,24.4224872563718,429.236721512544,0.0264953298090105,933.009495252374,43.0919540229885,23.8985507246377,0.925902973613698,"D:/Groningen_Research/MS_Data/LongRuns_oneEnv_feb21_2024",805625,1,1,20,0.5,0.01,0.1,"false",0.01,0.1,"true",0.01,1,0.01,0.1,1000,2e+05,500,30,1,10,1,0,0.25,0.25,0.05,"random",10,"ChooseParentLearnParent","Guided","Random","true","false","true",10,0.01,"true",0,"19_0","Change: 0.25 (10)","0.25 (10)","Change: 10z","Env SD: 0.25","PB",0.25,10,0.25,"PB","True Imitiation",0.1,0.25,"-1",0.925929146601487
"12","2_sd_env_0.25_env_change_0.25_env_change_rate_10_IL_type_Guided_",0,"G-2000",311.094613148991,0.172400211809665,-0.0310759620189905,3.10029340050375,5.23394419591304,0.411942028985507,451.070282873813,-0.0477098234642729,391.602698650675,247.870564717641,360.526736631684,0.689776460175468,"D:/Groningen_Research/MS_Data/LongRuns_oneEnv_feb21_2024",454921,1,1,20,0.5,0.01,0.1,"false",0.01,0.1,"true",0.01,1,0.01,0.1,1000,2e+05,500,30,1,10,1,0,0.25,0.25,0.05,"random",10,"ChooseParentLearnParent","Guided","Random","true","false","true",10,0.01,"true",0,"2_0","Change: 0.25 (10)","0.25 (10)","Change: 10z","Env SD: 0.25","PB",0.25,10,0.25,"PB","True Imitiation",0.1,0.25,"-1",0.7
"13","20_sd_env_0.25_env_change_0.25_env_change_rate_10_IL_type_Guided_",0,"G-2000",407.953445151874,0.00153250138784933,0.00737031484257871,0.49724934712059,3.751499305009,20.1293533233383,433.019939314793,0.0613110091463318,314.995002498751,362.63968015992,322.365317341329,0.942118952212865,"D:/Groningen_Research/MS_Data/LongRuns_oneEnv_feb21_2024",947839,1,1,20,0.5,0.01,0.1,"false",0.01,0.1,"true",0.01,1,0.01,0.1,1000,2e+05,500,30,1,10,1,0,0.25,0.25,0.05,"random",10,"ChooseParentLearnParent","Guided","Random","true","false","true",10,0.01,"true",0,"20_0","Change: 0.25 (10)","0.25 (10)","Change: 10z","Env SD: 0.25","PB",0.25,10,0.25,"PB","True Imitiation",0.1,0.25,"0",0.942112378929746
"14","21_sd_env_0.25_env_change_0.25_env_change_rate_10_IL_type_Guided_",0,"G-2000",400.728648571764,0.00161579557229495,0.0246661669165417,0.502374356873563,1.86366539657671,20.0034487756122,433.453490165817,-0.0878734555086957,334.855572213893,305.622688655672,359.521739130435,0.924495307735752,"D:/Groningen_Research/MS_Data/LongRuns_oneEnv_feb21_2024",179815,1,1,20,0.5,0.01,0.1,"false",0.01,0.1,"true",0.01,1,0.01,0.1,1000,2e+05,500,30,1,10,1,0,0.25,0.25,0.05,"random",10,"ChooseParentLearnParent","Guided","Random","true","false","true",10,0.01,"true",0,"21_0","Change: 0.25 (10)","0.25 (10)","Change: 10z","Env SD: 0.25","PB",0.25,10,0.25,"PB","True Imitiation",0.1,0.25,"1",0.924502069226541
"15","22_sd_env_0.25_env_change_0.25_env_change_rate_10_IL_type_Guided_",0,"G-2000",411.801717226237,0.00185093413751724,0.0653183408295852,0.60748297151924,3.07376968405997,19.8288790604698,433.616461996702,-0.237646918902049,322.567216391804,289.547226386807,387.885557221389,0.949647990951151,"D:/Groningen_Research/MS_Data/LongRuns_oneEnv_feb21_2024",538029,1,1,20,0.5,0.01,0.1,"false",0.01,0.1,"true",0.01,1,0.01,0.1,1000,2e+05,500,30,1,10,1,0,0.25,0.25,0.05,"random",10,"ChooseParentLearnParent","Guided","Random","true","false","true",10,0.01,"true",0,"22_0","Change: 0.25 (10)","0.25 (10)","Change: 10z","Env SD: 0.25","PB",0.25,10,0.25,"PB","True Imitiation",0.1,0.25,"1",0.949691151784198
"16","23_sd_env_0.25_env_change_0.25_env_change_rate_10_IL_type_Guided_",0,"G-2000",399.903158125137,0.0014776742516945,-0.0629885057471264,0.409706390302699,2.12306673432784,19.3118700649675,433.937494064518,-0.111116276749775,358.013993003498,346.96051974013,295.025487256372,0.921536995231694,"D:/Groningen_Research/MS_Data/LongRuns_oneEnv_feb21_2024",46424,1,1,20,0.5,0.01,0.1,"false",0.01,0.1,"true",0.01,1,0.01,0.1,1000,2e+05,500,30,1,10,1,0,0.25,0.25,0.05,"random",10,"ChooseParentLearnParent","Guided","Random","true","false","true",10,0.01,"true",0,"23_0","Change: 0.25 (10)","0.25 (10)","Change: 10z","Env SD: 0.25","PB",0.25,10,0.25,"PB","True Imitiation",0.1,0.25,"-1",0.921568575186728
"17","24_sd_env_0.25_env_change_0.25_env_change_rate_10_IL_type_Guided_",0,"G-2000",401.889256587756,0.258175092064318,-0.909555222388806,0.853311407394203,0.301998081810945,19.2809525237381,433.906907616842,-0.0947405898081409,934.397301349325,40.7606196901549,24.8420789605197,0.926175330652059,"D:/Groningen_Research/MS_Data/LongRuns_oneEnv_feb21_2024",725011,1,1,20,0.5,0.01,0.1,"false",0.01,0.1,"true",0.01,1,0.01,0.1,1000,2e+05,500,30,1,10,1,0,0.25,0.25,0.05,"random",10,"ChooseParentLearnParent","Guided","Random","true","false","true",10,0.01,"true",0,"24_0","Change: 0.25 (10)","0.25 (10)","Change: 10z","Env SD: 0.25","PB",0.25,10,0.25,"PB","True Imitiation",0.1,0.25,"-1",0.926210782849857
"18","25_sd_env_0.25_env_change_0.25_env_change_rate_10_IL_type_Guided_",0,"G-2000",399.843895813039,0.00220745826048466,0.00647876061969016,0.512677762050425,0.627321559386157,21.2290334832584,432.040475873613,0.0486823581561269,321.029485257371,351.462268865567,327.508245877061,0.925479340970372,"D:/Groningen_Research/MS_Data/LongRuns_oneEnv_feb21_2024",835878,1,1,20,0.5,0.01,0.1,"false",0.01,0.1,"true",0.01,1,0.01,0.1,1000,2e+05,500,30,1,10,1,0,0.25,0.25,0.05,"random",10,"ChooseParentLearnParent","Guided","Random","true","false","true",10,0.01,"true",0,"25_0","Change: 0.25 (10)","0.25 (10)","Change: 10z","Env SD: 0.25","PB",0.25,10,0.25,"PB","True Imitiation",0.1,0.25,"0",0.925477861777949
"19","26_sd_env_0.25_env_change_0.25_env_change_rate_10_IL_type_Guided_",0,"G-2000",391.869419222039,0.00175023312162936,-0.0427551224387806,0.326635376688106,5.55593358323588,19.7898765617191,433.58902363988,0.0209185163600999,379.306846576712,284.141429285357,336.551724137931,0.903725553789611,"D:/Groningen_Research/MS_Data/LongRuns_oneEnv_feb21_2024",606225,1,1,20,0.5,0.01,0.1,"false",0.01,0.1,"true",0.01,1,0.01,0.1,1000,2e+05,500,30,1,10,1,0,0.25,0.25,0.05,"random",10,"ChooseParentLearnParent","Guided","Random","true","false","true",10,0.01,"true",0,"26_0","Change: 0.25 (10)","0.25 (10)","Change: 10z","Env SD: 0.25","PB",0.25,10,0.25,"PB","True Imitiation",0.1,0.25,"-1",0.903780764403087
"20","27_sd_env_0.25_env_change_0.25_env_change_rate_10_IL_type_Guided_",0,"G-2000",404.70146981909,0.2430723683005,-0.90623888055972,1.02288371483543,0.304359429090405,17.4034817591204,435.665952063568,0.0626541540513943,931.856071964018,42.5267366316842,25.6171914042979,0.92888610416342,"D:/Groningen_Research/MS_Data/LongRuns_oneEnv_feb21_2024",101066,1,1,20,0.5,0.01,0.1,"false",0.01,0.1,"true",0.01,1,0.01,0.1,1000,2e+05,500,30,1,10,1,0,0.25,0.25,0.05,"random",10,"ChooseParentLearnParent","Guided","Random","true","false","true",10,0.01,"true",0,"27_0","Change: 0.25 (10)","0.25 (10)","Change: 10z","Env SD: 0.25","PB",0.25,10,0.25,"PB","True Imitiation",0.1,0.25,"-1",0.9289260909699
"21","28_sd_env_0.25_env_change_0.25_env_change_rate_10_IL_type_Guided_",0,"G-2000",403.667292630385,0.00346236957816097,0.00374062968515742,0.404159255709095,4.28795981690555,14.5717656171914,438.458195866567,0.0203348460161119,366.432283858071,263.394802598701,370.172913543228,0.920665671589145,"D:/Groningen_Research/MS_Data/LongRuns_oneEnv_feb21_2024",625359,1,1,20,0.5,0.01,0.1,"false",0.01,0.1,"true",0.01,1,0.01,0.1,1000,2e+05,500,30,1,10,1,0,0.25,0.25,0.05,"random",10,"ChooseParentLearnParent","Guided","Random","true","false","true",10,0.01,"true",0,"28_0","Change: 0.25 (10)","0.25 (10)","Change: 10z","Env SD: 0.25","PB",0.25,10,0.25,"PB","True Imitiation",0.1,0.25,"1",0.920651721043961
"22","29_sd_env_0.25_env_change_0.25_env_change_rate_10_IL_type_Guided_",0,"G-2000",395.894857092454,0.0024355688308949,-0.017455772113943,0.594498467981909,10.808747896037,13.8595132433783,438.798897291954,-0.00563474904138931,330.690154922539,356.075462268866,313.234382808596,0.902190885378563,"D:/Groningen_Research/MS_Data/LongRuns_oneEnv_feb21_2024",989269,1,1,20,0.5,0.01,0.1,"false",0.01,0.1,"true",0.01,1,0.01,0.1,1000,2e+05,500,30,1,10,1,0,0.25,0.25,0.05,"random",10,"ChooseParentLearnParent","Guided","Random","true","false","true",10,0.01,"true",0,"29_0","Change: 0.25 (10)","0.25 (10)","Change: 10z","Env SD: 0.25","PB",0.25,10,0.25,"PB","True Imitiation",0.1,0.25,"0",0.902223910624475
"23","3_sd_env_0.25_env_change_0.25_env_change_rate_10_IL_type_Guided_",0,"G-2000",351.741582584958,0.153923034506058,-0.0847606196901549,0.802699090782459,4.47150980451974,0.172784107946027,451.593826101999,-0.0940529193208741,403.411794102949,277.937031484258,318.651174412794,0.778998067222525,"D:/Groningen_Research/MS_Data/LongRuns_oneEnv_feb21_2024",254783,1,1,20,0.5,0.01,0.1,"false",0.01,0.1,"true",0.01,1,0.01,0.1,1000,2e+05,500,30,1,10,1,0,0.25,0.25,0.05,"random",10,"ChooseParentLearnParent","Guided","Random","true","false","true",10,0.01,"true",0,"3_0","Change: 0.25 (10)","0.25 (10)","Change: 10z","Env SD: 0.25","PB",0.25,10,0.25,"PB","True Imitiation",0.1,0.25,"-1",0.778889263436281
"24","30_sd_env_0.25_env_change_0.25_env_change_rate_10_IL_type_Guided_",0,"G-2000",405.176418796652,0.289409565001299,-0.888050974512744,0.824555545836082,0.305953107105847,21.3217091454273,432.491904337331,0.0569628353237181,918.947026486757,50.1569215392304,30.896051974013,0.936833193407896,"D:/Groningen_Research/MS_Data/LongRuns_oneEnv_feb21_2024",241698,1,1,20,0.5,0.01,0.1,"false",0.01,0.1,"true",0.01,1,0.01,0.1,1000,2e+05,500,30,1,10,1,0,0.25,0.25,0.05,"random",10,"ChooseParentLearnParent","Guided","Random","true","false","true",10,0.01,"true",0,"30_0","Change: 0.25 (10)","0.25 (10)","Change: 10z","Env SD: 0.25","PB",0.25,10,0.25,"PB","True Imitiation",0.1,0.25,"-1",0.936841625781338
"25","31_sd_env_0.25_env_change_0.25_env_change_rate_10_IL_type_Guided_",0,"G-2000",399.590573992554,0.00164273622228886,0.00917091454272864,0.42081776208071,3.52360621713543,19.657143928036,433.631911347876,0.148883405117346,350.462268865567,289.904547726137,359.633183408296,0.921469620360608,"D:/Groningen_Research/MS_Data/LongRuns_oneEnv_feb21_2024",492024,1,1,20,0.5,0.01,0.1,"false",0.01,0.1,"true",0.01,1,0.01,0.1,1000,2e+05,500,30,1,10,1,0,0.25,0.25,0.05,"random",10,"ChooseParentLearnParent","Guided","Random","true","false","true",10,0.01,"true",0,"31_0","Change: 0.25 (10)","0.25 (10)","Change: 10z","Env SD: 0.25","PB",0.25,10,0.25,"PB","True Imitiation",0.1,0.25,"1",0.921497158155381
"26","32_sd_env_0.25_env_change_0.25_env_change_rate_10_IL_type_Guided_",0,"G-2000",378.819195289455,0.00503038826296202,0.0505482258870565,0.273315722473613,3.86298741736782,12.7733018490755,440.155590777461,-0.141166406567441,343.570714642679,262.310344827586,394.118940529735,0.860609610111201,"D:/Groningen_Research/MS_Data/LongRuns_oneEnv_feb21_2024",399783,1,1,20,0.5,0.01,0.1,"false",0.01,0.1,"true",0.01,1,0.01,0.1,1000,2e+05,500,30,1,10,1,0,0.25,0.25,0.05,"random",10,"ChooseParentLearnParent","Guided","Random","true","false","true",10,0.01,"true",0,"32_0","Change: 0.25 (10)","0.25 (10)","Change: 10z","Env SD: 0.25","PB",0.25,10,0.25,"PB","True Imitiation",0.1,0.25,"1",0.860648378043624
"27","33_sd_env_0.25_env_change_0.25_env_change_rate_10_IL_type_Guided_",0,"G-2000",346.843780069425,0.390394722437231,0.110011494252874,1.45413155475912,0.913513580062219,0.140116941529235,451.763745773413,-0.0816643686474663,277.753123438281,334.482258870565,387.764617691154,0.767874958147226,"D:/Groningen_Research/MS_Data/LongRuns_oneEnv_feb21_2024",858595,1,1,20,0.5,0.01,0.1,"false",0.01,0.1,"true",0.01,1,0.01,0.1,1000,2e+05,500,30,1,10,1,0,0.25,0.25,0.05,"random",10,"ChooseParentLearnParent","Guided","Random","true","false","true",10,0.01,"true",0,"33_0","Change: 0.25 (10)","0.25 (10)","Change: 10z","Env SD: 0.25","PB",0.25,10,0.25,"PB","True Imitiation",0.1,0.25,"1",0.767754790671911
"28","34_sd_env_0.25_env_change_0.25_env_change_rate_10_IL_type_Guided_",0,"G-2000",402.052135924588,0.00403145751398956,-0.12547776111944,0.233722151908296,11.0917879199,19.9185122438781,433.579474327986,0.0897443750988806,418.686656671664,288.104447776112,293.208895552224,0.927256203526312,"D:/Groningen_Research/MS_Data/LongRuns_oneEnv_feb21_2024",819297,1,1,20,0.5,0.01,0.1,"false",0.01,0.1,"true",0.01,1,0.01,0.1,1000,2e+05,500,30,1,10,1,0,0.25,0.25,0.05,"random",10,"ChooseParentLearnParent","Guided","Random","true","false","true",10,0.01,"true",0,"34_0","Change: 0.25 (10)","0.25 (10)","Change: 10z","Env SD: 0.25","PB",0.25,10,0.25,"PB","True Imitiation",0.1,0.25,"-1",0.927285906575114
"29","35_sd_env_0.25_env_change_0.25_env_change_rate_10_IL_type_Guided_",0,"G-2000",407.23029726012,0.0253128673058096,0.0199875062468766,0.465351590973163,0.0537529461021794,16.4710134932534,436.428832526887,0.0350103994987656,329.464767616192,321.08295852074,349.452273863068,0.933008538972151,"D:/Groningen_Research/MS_Data/LongRuns_oneEnv_feb21_2024",824150,1,1,20,0.5,0.01,0.1,"false",0.01,0.1,"true",0.01,1,0.01,0.1,1000,2e+05,500,30,1,10,1,0,0.25,0.25,0.05,"random",10,"ChooseParentLearnParent","Guided","Random","true","false","true",10,0.01,"true",0,"35_0","Change: 0.25 (10)","0.25 (10)","Change: 10z","Env SD: 0.25","PB",0.25,10,0.25,"PB","True Imitiation",0.1,0.25,"1",0.933096685895591
"30","36_sd_env_0.25_env_change_0.25_env_change_rate_10_IL_type_Guided_",0,"G-2000",400.591416592604,0.00273552327507386,0.0258385807096452,0.527319756692354,0.553613696265767,24.8549985007496,429.014085672364,0.0989664127628915,327.996001999,318.169415292354,353.834582708646,0.933694686034658,"D:/Groningen_Research/MS_Data/LongRuns_oneEnv_feb21_2024",535489,1,1,20,0.5,0.01,0.1,"false",0.01,0.1,"true",0.01,1,0.01,0.1,1000,2e+05,500,30,1,10,1,0,0.25,0.25,0.05,"random",10,"ChooseParentLearnParent","Guided","Random","true","false","true",10,0.01,"true",0,"36_0","Change: 0.25 (10)","0.25 (10)","Change: 10z","Env SD: 0.25","PB",0.25,10,0.25,"PB","True Imitiation",0.1,0.25,"1",0.933748867393911
"31","37_sd_env_0.25_env_change_0.25_env_change_rate_10_IL_type_Guided_",0,"G-2000",400.323944453073,0.247981493656722,-0.894551724137931,0.591059863435982,0.225779162333483,21.2063128435782,432.101326242379,0.088906362881964,925.691654172914,43.1684157921039,31.1399300349825,0.926554945748757,"D:/Groningen_Research/MS_Data/LongRuns_oneEnv_feb21_2024",302776,1,1,20,0.5,0.01,0.1,"false",0.01,0.1,"true",0.01,1,0.01,0.1,1000,2e+05,500,30,1,10,1,0,0.25,0.25,0.05,"random",10,"ChooseParentLearnParent","Guided","Random","true","false","true",10,0.01,"true",0,"37_0","Change: 0.25 (10)","0.25 (10)","Change: 10z","Env SD: 0.25","PB",0.25,10,0.25,"PB","True Imitiation",0.1,0.25,"-1",0.926458495127411
"32","38_sd_env_0.25_env_change_0.25_env_change_rate_10_IL_type_Guided_",0,"G-2000",408.046519584058,0.00305327724472264,-0.0768390804597701,0.592571786884058,5.85447704755072,17.7020444777611,435.45687454028,-0.0252672609326837,403.668665667166,269.501749125437,326.829585207396,0.937054905903855,"D:/Groningen_Research/MS_Data/LongRuns_oneEnv_feb21_2024",6764,1,1,20,0.5,0.01,0.1,"false",0.01,0.1,"true",0.01,1,0.01,0.1,1000,2e+05,500,30,1,10,1,0,0.25,0.25,0.05,"random",10,"ChooseParentLearnParent","Guided","Random","true","false","true",10,0.01,"true",0,"38_0","Change: 0.25 (10)","0.25 (10)","Change: 10z","Env SD: 0.25","PB",0.25,10,0.25,"PB","True Imitiation",0.1,0.25,"-1",0.937053801285926
"33","39_sd_env_0.25_env_change_0.25_env_change_rate_10_IL_type_Guided_",0,"G-2000",409.408020427536,0.00181614039883258,0.138879060469765,0.534143191329385,3.1907113096017,16.0225137431284,437.555466726887,0.0822951218525037,266.855072463768,327.410794602699,405.734132933533,0.935646614483482,"D:/Groningen_Research/MS_Data/LongRuns_oneEnv_feb21_2024",437247,1,1,20,0.5,0.01,0.1,"false",0.01,0.1,"true",0.01,1,0.01,0.1,1000,2e+05,500,30,1,10,1,0,0.25,0.25,0.05,"random",10,"ChooseParentLearnParent","Guided","Random","true","false","true",10,0.01,"true",0,"39_0","Change: 0.25 (10)","0.25 (10)","Change: 10z","Env SD: 0.25","PB",0.25,10,0.25,"PB","True Imitiation",0.1,0.25,"1",0.93567113557075
"34","4_sd_env_0.25_env_change_0.25_env_change_rate_10_IL_type_Guided_",0,"G-2000",410.784290184508,0.00262139322318821,0.00714042978510745,0.558187140292054,5.90784182458571,15.1773693153423,437.516018730385,-0.0627551385371264,342.054972513743,308.749625187406,349.195402298851,0.93890836952864,"D:/Groningen_Research/MS_Data/LongRuns_oneEnv_feb21_2024",671844,1,1,20,0.5,0.01,0.1,"false",0.01,0.1,"true",0.01,1,0.01,0.1,1000,2e+05,500,30,1,10,1,0,0.25,0.25,0.05,"random",10,"ChooseParentLearnParent","Guided","Random","true","false","true",10,0.01,"true",0,"4_0","Change: 0.25 (10)","0.25 (10)","Change: 10z","Env SD: 0.25","PB",0.25,10,0.25,"PB","True Imitiation",0.1,0.25,"1",0.93890114326911
"35","40_sd_env_0.25_env_change_0.25_env_change_rate_10_IL_type_Guided_",0,"G-2000",400.586632428086,0.241331413413193,-0.899395802098951,0.945600942976912,0.360165758752274,20.8127896051974,432.558827447326,-0.0882300582143278,927.533233383308,44.3293353323338,28.1374312843578,0.926082171304672,"D:/Groningen_Research/MS_Data/LongRuns_oneEnv_feb21_2024",105388,1,1,20,0.5,0.01,0.1,"false",0.01,0.1,"true",0.01,1,0.01,0.1,1000,2e+05,500,30,1,10,1,0,0.25,0.25,0.05,"random",10,"ChooseParentLearnParent","Guided","Random","true","false","true",10,0.01,"true",0,"40_0","Change: 0.25 (10)","0.25 (10)","Change: 10z","Env SD: 0.25","PB",0.25,10,0.25,"PB","True Imitiation",0.1,0.25,"-1",0.9260859032564
"36","41_sd_env_0.25_env_change_0.25_env_change_rate_10_IL_type_Guided_",0,"G-2000",405.103603427436,0.204572078816042,-0.918089955022489,0.923893947823338,0.40230640047956,15.7670404797601,437.454316294603,-0.0245443712775362,941.625187406297,34.8395802098951,23.5352323838081,0.926016036712126,"D:/Groningen_Research/MS_Data/LongRuns_oneEnv_feb21_2024",857979,1,1,20,0.5,0.01,0.1,"false",0.01,0.1,"true",0.01,1,0.01,0.1,1000,2e+05,500,30,1,10,1,0,0.25,0.25,0.05,"random",10,"ChooseParentLearnParent","Guided","Random","true","false","true",10,0.01,"true",0,"41_0","Change: 0.25 (10)","0.25 (10)","Change: 10z","Env SD: 0.25","PB",0.25,10,0.25,"PB","True Imitiation",0.1,0.25,"-1",0.926047791364389
"37","42_sd_env_0.25_env_change_0.25_env_change_rate_10_IL_type_Guided_",0,"G-2000",402.450816703998,0.233319222461219,-0.886639180409795,0.958430383262469,0.416449574125087,25.1725452273863,428.818412744228,-0.153652007106457,919.930034982509,46.7791104447776,33.2908545727136,0.938504230347761,"D:/Groningen_Research/MS_Data/LongRuns_oneEnv_feb21_2024",803513,1,1,20,0.5,0.01,0.1,"false",0.01,0.1,"true",0.01,1,0.01,0.1,1000,2e+05,500,30,1,10,1,0,0.25,0.25,0.05,"random",10,"ChooseParentLearnParent","Guided","Random","true","false","true",10,0.01,"true",0,"42_0","Change: 0.25 (10)","0.25 (10)","Change: 10z","Env SD: 0.25","PB",0.25,10,0.25,"PB","True Imitiation",0.1,0.25,"-1",0.938511045103007
"38","43_sd_env_0.25_env_change_0.25_env_change_rate_10_IL_type_Guided_",0,"G-2000",403.856387123088,0.00383740581844758,-0.012776111944028,0.534005640592104,0.519092065393103,17.2498980509745,436.052936895602,-0.175120444292824,366.083958020989,280.608195902049,353.307846076962,0.926159350413553,"D:/Groningen_Research/MS_Data/LongRuns_oneEnv_feb21_2024",946810,1,1,20,0.5,0.01,0.1,"false",0.01,0.1,"true",0.01,1,0.01,0.1,1000,2e+05,500,30,1,10,1,0,0.25,0.25,0.05,"random",10,"ChooseParentLearnParent","Guided","Random","true","false","true",10,0.01,"true",0,"43_0","Change: 0.25 (10)","0.25 (10)","Change: 10z","Env SD: 0.25","PB",0.25,10,0.25,"PB","True Imitiation",0.1,0.25,"-1",0.926163667187449
"39","44_sd_env_0.25_env_change_0.25_env_change_rate_10_IL_type_Guided_",0,"G-2000",401.032306847026,0.191474182209045,-0.916379810094953,0.774440523309195,0.319496258470465,26.1999310344828,427.626975070565,0.0300243837137381,935.712643678161,44.9545227386307,19.3328335832084,0.937751492856676,"D:/Groningen_Research/MS_Data/LongRuns_oneEnv_feb21_2024",755265,1,1,20,0.5,0.01,0.1,"false",0.01,0.1,"true",0.01,1,0.01,0.1,1000,2e+05,500,30,1,10,1,0,0.25,0.25,0.05,"random",10,"ChooseParentLearnParent","Guided","Random","true","false","true",10,0.01,"true",0,"44_0","Change: 0.25 (10)","0.25 (10)","Change: 10z","Env SD: 0.25","PB",0.25,10,0.25,"PB","True Imitiation",0.1,0.25,"-1",0.937808721680501
"40","45_sd_env_0.25_env_change_0.25_env_change_rate_10_IL_type_Guided_",0,"G-2000",403.591092598101,0.0191480372062654,-0.00699000499750125,0.500369295696102,0.107287013019722,19.8097941029485,433.485699488906,-0.0352967331860615,346.851574212894,313.286856571714,339.861569215392,0.93104731198729,"D:/Groningen_Research/MS_Data/LongRuns_oneEnv_feb21_2024",997438,1,1,20,0.5,0.01,0.1,"false",0.01,0.1,"true",0.01,1,0.01,0.1,1000,2e+05,500,30,1,10,1,0,0.25,0.25,0.05,"random",10,"ChooseParentLearnParent","Guided","Random","true","false","true",10,0.01,"true",0,"45_0","Change: 0.25 (10)","0.25 (10)","Change: 10z","Env SD: 0.25","PB",0.25,10,0.25,"PB","True Imitiation",0.1,0.25,"-1",0.931036694114588
"41","46_sd_env_0.25_env_change_0.25_env_change_rate_10_IL_type_Guided_",0,"G-2000",409.461434535532,0.00201285609929295,-0.0100829585207396,0.596035973687306,4.17204534170815,17.9723213393303,435.425231457421,-0.0891702790613743,355.154922538731,299.773113443278,345.071964017991,0.940290305340898,"D:/Groningen_Research/MS_Data/LongRuns_oneEnv_feb21_2024",346230,1,1,20,0.5,0.01,0.1,"false",0.01,0.1,"true",0.01,1,0.01,0.1,1000,2e+05,500,30,1,10,1,0,0.25,0.25,0.05,"random",10,"ChooseParentLearnParent","Guided","Random","true","false","true",10,0.01,"true",0,"46_0","Change: 0.25 (10)","0.25 (10)","Change: 10z","Env SD: 0.25","PB",0.25,10,0.25,"PB","True Imitiation",0.1,0.25,"-1",0.940371400079447
"42","47_sd_env_0.25_env_change_0.25_env_change_rate_10_IL_type_Guided_",0,"G-2000",402.36099724038,0.237977772516492,-0.911066466766617,0.869079221190954,0.230720528722539,17.1244732633683,436.352105841379,0.0192074355526287,934.751624187906,41.5632183908046,23.6851574212894,0.922097479903042,"D:/Groningen_Research/MS_Data/LongRuns_oneEnv_feb21_2024",408834,1,1,20,0.5,0.01,0.1,"false",0.01,0.1,"true",0.01,1,0.01,0.1,1000,2e+05,500,30,1,10,1,0,0.25,0.25,0.05,"random",10,"ChooseParentLearnParent","Guided","Random","true","false","true",10,0.01,"true",0,"47_0","Change: 0.25 (10)","0.25 (10)","Change: 10z","Env SD: 0.25","PB",0.25,10,0.25,"PB","True Imitiation",0.1,0.25,"-1",0.92210165106123
"43","48_sd_env_0.25_env_change_0.25_env_change_rate_10_IL_type_Guided_",0,"G-2000",399.087589133183,0.340233919187806,-0.888272363818091,0.881654380969715,0.339454925087706,22.0682968515742,431.56452925927,0.0874199264395102,916.516741629185,55.2388805597201,28.2443778110945,0.924731840743384,"D:/Groningen_Research/MS_Data/LongRuns_oneEnv_feb21_2024",993495,1,1,20,0.5,0.01,0.1,"false",0.01,0.1,"true",0.01,1,0.01,0.1,1000,2e+05,500,30,1,10,1,0,0.25,0.25,0.05,"random",10,"ChooseParentLearnParent","Guided","Random","true","false","true",10,0.01,"true",0,"48_0","Change: 0.25 (10)","0.25 (10)","Change: 10z","Env SD: 0.25","PB",0.25,10,0.25,"PB","True Imitiation",0.1,0.25,"-1",0.92474603929607
"44","49_sd_env_0.25_env_change_0.25_env_change_rate_10_IL_type_Guided_",0,"G-2000",403.344463743228,0.00334108079050916,0.0582598700649675,0.481134670877161,6.01223633505297,18.21535982009,435.283658216892,-0.00804665498273863,314.951024487756,311.83808095952,373.210894552724,0.926612523461161,"D:/Groningen_Research/MS_Data/LongRuns_oneEnv_feb21_2024",590455,1,1,20,0.5,0.01,0.1,"false",0.01,0.1,"true",0.01,1,0.01,0.1,1000,2e+05,500,30,1,10,1,0,0.25,0.25,0.05,"random",10,"ChooseParentLearnParent","Guided","Random","true","false","true",10,0.01,"true",0,"49_0","Change: 0.25 (10)","0.25 (10)","Change: 10z","Env SD: 0.25","PB",0.25,10,0.25,"PB","True Imitiation",0.1,0.25,"1",0.926624411758299
"45","5_sd_env_0.25_env_change_0.25_env_change_rate_10_IL_type_Guided_",0,"G-2000",402.785970917491,0.314835346381109,-0.8924027986007,1.06212971185952,0.368734654181909,15.295303848076,437.173213923138,-0.162575139868262,921.812593703148,48.7776111944028,29.4097951024488,0.921344970059316,"D:/Groningen_Research/MS_Data/LongRuns_oneEnv_feb21_2024",893813,1,1,20,0.5,0.01,0.1,"false",0.01,0.1,"true",0.01,1,0.01,0.1,1000,2e+05,500,30,1,10,1,0,0.25,0.25,0.05,"random",10,"ChooseParentLearnParent","Guided","Random","true","false","true",10,0.01,"true",0,"5_0","Change: 0.25 (10)","0.25 (10)","Change: 10z","Env SD: 0.25","PB",0.25,10,0.25,"PB","True Imitiation",0.1,0.25,"-1",0.921341834516666
"46","50_sd_env_0.25_env_change_0.25_env_change_rate_10_IL_type_Guided_",0,"G-2000",408.455289163118,0.0165268803369423,-0.0271419290354823,0.551182021430735,0.0834032237270215,14.957832083958,437.997811477411,-0.0226281503944328,365.774612693653,295.592703648176,338.632683658171,0.932496885596625,"D:/Groningen_Research/MS_Data/LongRuns_oneEnv_feb21_2024",751625,1,1,20,0.5,0.01,0.1,"false",0.01,0.1,"true",0.01,1,0.01,0.1,1000,2e+05,500,30,1,10,1,0,0.25,0.25,0.05,"random",10,"ChooseParentLearnParent","Guided","Random","true","false","true",10,0.01,"true",0,"50_0","Change: 0.25 (10)","0.25 (10)","Change: 10z","Env SD: 0.25","PB",0.25,10,0.25,"PB","True Imitiation",0.1,0.25,"-1",0.93255098189956
"47","51_sd_env_0.25_env_change_0.25_env_change_rate_10_IL_type_Guided_",0,"G-2000",404.524732178711,0.0020077891063946,-0.0426411794102949,0.427615144521839,0.949179082310944,18.1349050474763,435.311991197451,-0.013054544294098,371.626686656672,299.387806096952,328.985507246377,0.929208346314084,"D:/Groningen_Research/MS_Data/LongRuns_oneEnv_feb21_2024",864544,1,1,20,0.5,0.01,0.1,"false",0.01,0.1,"true",0.01,1,0.01,0.1,1000,2e+05,500,30,1,10,1,0,0.25,0.25,0.05,"random",10,"ChooseParentLearnParent","Guided","Random","true","false","true",10,0.01,"true",0,"51_0","Change: 0.25 (10)","0.25 (10)","Change: 10z","Env SD: 0.25","PB",0.25,10,0.25,"PB","True Imitiation",0.1,0.25,"-1",0.929275417077185
"48","52_sd_env_0.25_env_change_0.25_env_change_rate_10_IL_type_Guided_",0,"G-2000",401.57315071929,0.178645394651874,-0.896907046476762,0.852607011143728,0.422115502935032,25.4266046976512,428.692794304248,0.00426785568397801,926.988005997002,42.9310344827586,30.0809595202399,0.936691569210716,"D:/Groningen_Research/MS_Data/LongRuns_oneEnv_feb21_2024",662878,1,1,20,0.5,0.01,0.1,"false",0.01,0.1,"true",0.01,1,0.01,0.1,1000,2e+05,500,30,1,10,1,0,0.25,0.25,0.05,"random",10,"ChooseParentLearnParent","Guided","Random","true","false","true",10,0.01,"true",0,"52_0","Change: 0.25 (10)","0.25 (10)","Change: 10z","Env SD: 0.25","PB",0.25,10,0.25,"PB","True Imitiation",0.1,0.25,"-1",0.936738746381375
"49","53_sd_env_0.25_env_change_0.25_env_change_rate_10_IL_type_Guided_",0,"G-2000",351.405004017821,0.938679670150575,0.143420289855072,4.82624259687007,10.0902738106107,1.14772213893053,450.121993545727,-0.0543921729766917,321.030984507746,214.517741129435,464.451274362819,0.780841802716673,"D:/Groningen_Research/MS_Data/LongRuns_oneEnv_feb21_2024",26920,1,1,20,0.5,0.01,0.1,"false",0.01,0.1,"true",0.01,1,0.01,0.1,1000,2e+05,500,30,1,10,1,0,0.25,0.25,0.05,"random",10,"ChooseParentLearnParent","Guided","Random","true","false","true",10,0.01,"true",0,"53_0","Change: 0.25 (10)","0.25 (10)","Change: 10z","Env SD: 0.25","PB",0.25,10,0.25,"PB","True Imitiation",0.1,0.25,"1",0.780688366835207
"50","54_sd_env_0.25_env_change_0.25_env_change_rate_10_IL_type_Guided_",0,"G-2000",406.867666371064,0.00195910149311929,0.0379275362318841,0.552041146347826,8.85866338365367,19.4230339830085,433.710588570115,0.13590015759292,316.773113443278,328.526236881559,354.700649675162,0.938076162573275,"D:/Groningen_Research/MS_Data/LongRuns_oneEnv_feb21_2024",913776,1,1,20,0.5,0.01,0.1,"false",0.01,0.1,"true",0.01,1,0.01,0.1,1000,2e+05,500,30,1,10,1,0,0.25,0.25,0.05,"random",10,"ChooseParentLearnParent","Guided","Random","true","false","true",10,0.01,"true",0,"54_0","Change: 0.25 (10)","0.25 (10)","Change: 10z","Env SD: 0.25","PB",0.25,10,0.25,"PB","True Imitiation",0.1,0.25,"1",0.938108676830906
"51","55_sd_env_0.25_env_change_0.25_env_change_rate_10_IL_type_Guided_",0,"G-2000",404.205309864468,0.00170736703845884,0.0271034482758621,0.445304069346827,1.55828640189655,19.2148650674663,434.248854893903,-0.048487988995897,331.836581709145,309.223388305847,358.940029985007,0.93082426342982,"D:/Groningen_Research/MS_Data/LongRuns_oneEnv_feb21_2024",449246,1,1,20,0.5,0.01,0.1,"false",0.01,0.1,"true",0.01,1,0.01,0.1,1000,2e+05,500,30,1,10,1,0,0.25,0.25,0.05,"random",10,"ChooseParentLearnParent","Guided","Random","true","false","true",10,0.01,"true",0,"55_0","Change: 0.25 (10)","0.25 (10)","Change: 10z","Env SD: 0.25","PB",0.25,10,0.25,"PB","True Imitiation",0.1,0.25,"1",0.930814912484282
"52","56_sd_env_0.25_env_change_0.25_env_change_rate_10_IL_type_Guided_",0,"G-2000",403.0225866005,0.151209120672254,-0.892098450774613,0.751518751004398,0.292085781754373,19.5384142928536,433.625794176812,0.0881585347208396,923.689655172414,44.7191404297851,31.5912043978011,0.929370564575442,"D:/Groningen_Research/MS_Data/LongRuns_oneEnv_feb21_2024",936630,1,1,20,0.5,0.01,0.1,"false",0.01,0.1,"true",0.01,1,0.01,0.1,1000,2e+05,500,30,1,10,1,0,0.25,0.25,0.05,"random",10,"ChooseParentLearnParent","Guided","Random","true","false","true",10,0.01,"true",0,"56_0","Change: 0.25 (10)","0.25 (10)","Change: 10z","Env SD: 0.25","PB",0.25,10,0.25,"PB","True Imitiation",0.1,0.25,"-1",0.92942484513771
"53","57_sd_env_0.25_env_change_0.25_env_change_rate_10_IL_type_Guided_",0,"G-2000",408.837822772714,0.00184095306523041,-0.0930644677661169,0.571444804145477,9.38195780272214,18.8173288355822,434.352184103698,-0.131483777828601,404.692153923038,283.68015992004,311.627686156922,0.941230462462502,"D:/Groningen_Research/MS_Data/LongRuns_oneEnv_feb21_2024",265527,1,1,20,0.5,0.01,0.1,"false",0.01,0.1,"true",0.01,1,0.01,0.1,1000,2e+05,500,30,1,10,1,0,0.25,0.25,0.05,"random",10,"ChooseParentLearnParent","Guided","Random","true","false","true",10,0.01,"true",0,"57_0","Change: 0.25 (10)","0.25 (10)","Change: 10z","Env SD: 0.25","PB",0.25,10,0.25,"PB","True Imitiation",0.1,0.25,"-1",0.941258816543921
"54","58_sd_env_0.25_env_change_0.25_env_change_rate_10_IL_type_Guided_",0,"G-2000",398.17458587976,0.237713816698151,-0.90932383808096,0.926241216855672,0.327178083943778,23.0963168415792,430.380716983458,-0.0997062693703775,933.465267366317,42.3933033483258,24.1414292853573,0.925117257682641,"D:/Groningen_Research/MS_Data/LongRuns_oneEnv_feb21_2024",298061,1,1,20,0.5,0.01,0.1,"false",0.01,0.1,"true",0.01,1,0.01,0.1,1000,2e+05,500,30,1,10,1,0,0.25,0.25,0.05,"random",10,"ChooseParentLearnParent","Guided","Random","true","false","true",10,0.01,"true",0,"58_0","Change: 0.25 (10)","0.25 (10)","Change: 10z","Env SD: 0.25","PB",0.25,10,0.25,"PB","True Imitiation",0.1,0.25,"-1",0.925168275824644
"55","59_sd_env_0.25_env_change_0.25_env_change_rate_10_IL_type_Guided_",0,"G-2000",400.184588744878,0.262753939856472,-0.866466266866567,0.981869155930635,0.510603496989255,27.398027986007,426.706892642529,-0.0176969074483408,902.221889055472,62.0224887556222,35.7556221889055,0.937807973776428,"D:/Groningen_Research/MS_Data/LongRuns_oneEnv_feb21_2024",846999,1,1,20,0.5,0.01,0.1,"false",0.01,0.1,"true",0.01,1,0.01,0.1,1000,2e+05,500,30,1,10,1,0,0.25,0.25,0.05,"random",10,"ChooseParentLearnParent","Guided","Random","true","false","true",10,0.01,"true",0,"59_0","Change: 0.25 (10)","0.25 (10)","Change: 10z","Env SD: 0.25","PB",0.25,10,0.25,"PB","True Imitiation",0.1,0.25,"-1",0.937844210264797
"56","6_sd_env_0.25_env_change_0.25_env_change_rate_10_IL_type_Guided_",0,"G-2000",403.635532487256,0.198369006225237,-0.918896551724138,0.814828862834583,0.25512994690045,19.8639190404798,432.927948011794,-0.0880778188825787,941.026486756622,36.8435782108946,22.1299350324838,0.932300172334403,"D:/Groningen_Research/MS_Data/LongRuns_oneEnv_feb21_2024",431341,1,1,20,0.5,0.01,0.1,"false",0.01,0.1,"true",0.01,1,0.01,0.1,1000,2e+05,500,30,1,10,1,0,0.25,0.25,0.05,"random",10,"ChooseParentLearnParent","Guided","Random","true","false","true",10,0.01,"true",0,"6_0","Change: 0.25 (10)","0.25 (10)","Change: 10z","Env SD: 0.25","PB",0.25,10,0.25,"PB","True Imitiation",0.1,0.25,"-1",0.932338820676599
"57","60_sd_env_0.25_env_change_0.25_env_change_rate_10_IL_type_Guided_",0,"G-2000",390.985897030935,0.0269842183990764,0.0709295352323838,0.325526674048876,0.127562291500841,26.5137311344328,427.622532996652,-0.0776649474949925,318.794602698651,291.481259370315,389.724137931034,0.914367003134481,"D:/Groningen_Research/MS_Data/LongRuns_oneEnv_feb21_2024",422144,1,1,20,0.5,0.01,0.1,"false",0.01,0.1,"true",0.01,1,0.01,0.1,1000,2e+05,500,30,1,10,1,0,0.25,0.25,0.05,"random",10,"ChooseParentLearnParent","Guided","Random","true","false","true",10,0.01,"true",0,"60_0","Change: 0.25 (10)","0.25 (10)","Change: 10z","Env SD: 0.25","PB",0.25,10,0.25,"PB","True Imitiation",0.1,0.25,"1",0.914324823556471
"58","7_sd_env_0.25_env_change_0.25_env_change_rate_10_IL_type_Guided_",0,"G-2000",357.786855906392,0.902312919906297,0.0876711644177911,6.71350329095352,4.27348742302599,0.0556591704147926,451.67417138071,-0.0602499529626137,308.463268365817,295.402298850575,396.134432783608,0.792058722532968,"D:/Groningen_Research/MS_Data/LongRuns_oneEnv_feb21_2024",915426,1,1,20,0.5,0.01,0.1,"false",0.01,0.1,"true",0.01,1,0.01,0.1,1000,2e+05,500,30,1,10,1,0,0.25,0.25,0.05,"random",10,"ChooseParentLearnParent","Guided","Random","true","false","true",10,0.01,"true",0,"7_0","Change: 0.25 (10)","0.25 (10)","Change: 10z","Env SD: 0.25","PB",0.25,10,0.25,"PB","True Imitiation",0.1,0.25,"1",0.792134858658585
"59","8_sd_env_0.25_env_change_0.25_env_change_rate_10_IL_type_Guided_",0,"G-2000",400.139263962669,0.293862736691454,-0.913954522738631,0.869653406162968,0.358567614091504,19.1526651674163,434.468414048975,-0.135490043925682,935.278860569715,43.3968015992004,21.3243378310845,0.921016409841201,"D:/Groningen_Research/MS_Data/LongRuns_oneEnv_feb21_2024",614880,1,1,20,0.5,0.01,0.1,"false",0.01,0.1,"true",0.01,1,0.01,0.1,1000,2e+05,500,30,1,10,1,0,0.25,0.25,0.05,"random",10,"ChooseParentLearnParent","Guided","Random","true","false","true",10,0.01,"true",0,"8_0","Change: 0.25 (10)","0.25 (10)","Change: 10z","Env SD: 0.25","PB",0.25,10,0.25,"PB","True Imitiation",0.1,0.25,"-1",0.920985855412642
"60","9_sd_env_0.25_env_change_0.25_env_change_rate_10_IL_type_Guided_",0,"G-2000",404.998138565867,0.00142599078958426,-0.0480674662668666,0.594864903553373,2.30742786884108,19.9604357821089,433.231030327586,0.0146038013936097,367.427786106947,313.211894052973,319.36031984008,0.934818353231015,"D:/Groningen_Research/MS_Data/LongRuns_oneEnv_feb21_2024",478679,1,1,20,0.5,0.01,0.1,"false",0.01,0.1,"true",0.01,1,0.01,0.1,1000,2e+05,500,30,1,10,1,0,0.25,0.25,0.05,"random",10,"ChooseParentLearnParent","Guided","Random","true","false","true",10,0.01,"true",0,"9_0","Change: 0.25 (10)","0.25 (10)","Change: 10z","Env SD: 0.25","PB",0.25,10,0.25,"PB","True Imitiation",0.1,0.25,"-1",0.934831787694499
